
-- Aqui se inicializan datos de empleados
INSERT INTO mydb.Usuarios VALUES ('27100634X', 'Antonio', 'Garcia', 916584234, 'antonio.garcia@gmail.com', 'garciaantonio1234', 'Tecnico'),
('20274811N', 'Antonio', 'Rodriguez', 916584235, 'antonio.rodriguez@gmail.com', 'rodriguezantonio1234', 'Recursos Humanos'),
('91728249V', 'Antonio', 'Gonzalez', 916584236, 'antonio.gonzalez@gmail.com', 'gonzalezantonio1234', 'Recursos Humanos'),
('48065756B', 'Antonio', 'Fernandez', 916584237, 'antonio.fernandez@gmail.com', 'fernandezantonio1234', 'Recursos Humanos'),
('29575254Z', 'Antonio', 'Lopez', 916584238, 'antonio.lopez@gmail.com', 'lopezantonio1234', 'Tecnico'),
('77799542H', 'Antonio', 'Martinez', 916584239, 'antonio.martinez@gmail.com', 'martinezantonio1234', 'Tecnico'),
('73299779K', 'Antonio', 'Sanchez', 916584240, 'antonio.sanchez@gmail.com', 'sanchezantonio1234', 'Tecnico'),
('84028999V', 'Antonio', 'Perez', 916584241, 'antonio.perez@gmail.com', 'perezantonio1234', 'Recursos Humanos'),
('27241752T', 'Antonio', 'Gomez', 916584242, 'antonio.gomez@gmail.com', 'gomezantonio1234', 'Recursos Humanos'),
('04547919Z', 'Antonio', 'Martin', 916584243, 'antonio.martin@gmail.com', 'martinantonio1234', 'Recursos Humanos'),
('95068159M', 'Antonio', 'Jimenez', 916584244, 'antonio.jimenez@gmail.com', 'jimenezantonio1234', 'Recursos Humanos'),
('12467442Q', 'Antonio', 'Ruiz', 916584245, 'antonio.ruiz@gmail.com', 'ruizantonio1234', 'Tecnico'),
('15510863P', 'Antonio', 'Hernandez', 916584246, 'antonio.hernandez@gmail.com', 'hernandezantonio1234', 'Recursos Humanos'),
('11048449P', 'Antonio', 'Diaz', 916584247, 'antonio.diaz@gmail.com', 'diazantonio1234', 'Tecnico'),
('27245623F', 'Antonio', 'Moreno', 916584248, 'antonio.moreno@gmail.com', 'morenoantonio1234', 'Recursos Humanos'),
('61033398T', 'Antonio', 'Alvarez', 916584249, 'antonio.alvarez@gmail.com', 'alvarezantonio1234', 'Tecnico'),
('88773836T', 'Maria Carmen', 'Garcia', 916584250, 'mariacarmen.garcia@gmail.com', 'garciamariacarmen1234', 'Tecnico'),
('71681785P', 'Maria Carmen', 'Rodriguez', 916584251, 'mariacarmen.rodriguez@gmail.com', 'rodriguezmariacarmen1234', 'Recursos Humanos'),
('27381399Z', 'Maria Carmen', 'Gonzalez', 916584252, 'mariacarmen.gonzalez@gmail.com', 'gonzalezmariacarmen1234', 'Recursos Humanos'),
('60454749P', 'Maria Carmen', 'Fernandez', 916584253, 'mariacarmen.fernandez@gmail.com', 'fernandezmariacarmen1234', 'Recursos Humanos'),
('87695338H', 'Maria Carmen', 'Lopez', 916584254, 'mariacarmen.lopez@gmail.com', 'lopezmariacarmen1234', 'Tecnico'),
('28221072A', 'Maria Carmen', 'Martinez', 916584255, 'mariacarmen.martinez@gmail.com', 'martinezmariacarmen1234', 'Recursos Humanos'),
('06353369X', 'Maria Carmen', 'Sanchez', 916584256, 'mariacarmen.sanchez@gmail.com', 'sanchezmariacarmen1234', 'Recursos Humanos'),
('88696373R', 'Maria Carmen', 'Perez', 916584257, 'mariacarmen.perez@gmail.com', 'perezmariacarmen1234', 'Tecnico'),
('55004209P', 'Maria Carmen', 'Gomez', 916584258, 'mariacarmen.gomez@gmail.com', 'gomezmariacarmen1234', 'Recursos Humanos'),
('47102529R', 'Maria Carmen', 'Martin', 916584259, 'mariacarmen.martin@gmail.com', 'martinmariacarmen1234', 'Recursos Humanos'),
('35551896Z', 'Maria Carmen', 'Jimenez', 916584260, 'mariacarmen.jimenez@gmail.com', 'jimenezmariacarmen1234', 'Recursos Humanos'),
('56076979N', 'Maria Carmen', 'Ruiz', 916584261, 'mariacarmen.ruiz@gmail.com', 'ruizmariacarmen1234', 'Tecnico'),
('88582816H', 'Maria Carmen', 'Hernandez', 916584262, 'mariacarmen.hernandez@gmail.com', 'hernandezmariacarmen1234', 'Tecnico'),
('35168941D', 'Maria Carmen', 'Diaz', 916584263, 'mariacarmen.diaz@gmail.com', 'diazmariacarmen1234', 'Recursos Humanos'),
('66370250R', 'Maria Carmen', 'Moreno', 916584264, 'mariacarmen.moreno@gmail.com', 'morenomariacarmen1234', 'Recursos Humanos'),
('93770032K', 'Maria Carmen', 'Alvarez', 916584265, 'mariacarmen.alvarez@gmail.com', 'alvarezmariacarmen1234', 'Tecnico'),
('49413892W', 'Manuel', 'Garcia', 916584266, 'manuel.garcia@gmail.com', 'garciamanuel1234', 'Recursos Humanos'),
('08177467R', 'Manuel', 'Rodriguez', 916584267, 'manuel.rodriguez@gmail.com', 'rodriguezmanuel1234', 'Recursos Humanos'),
('33198947B', 'Manuel', 'Gonzalez', 916584268, 'manuel.gonzalez@gmail.com', 'gonzalezmanuel1234', 'Recursos Humanos'),
('43448118Z', 'Manuel', 'Fernandez', 916584269, 'manuel.fernandez@gmail.com', 'fernandezmanuel1234', 'Tecnico'),
('42697238S', 'Manuel', 'Lopez', 916584270, 'manuel.lopez@gmail.com', 'lopezmanuel1234', 'Tecnico'),
('58172047X', 'Manuel', 'Martinez', 916584271, 'manuel.martinez@gmail.com', 'martinezmanuel1234', 'Recursos Humanos'),
('09192134T', 'Manuel', 'Sanchez', 916584272, 'manuel.sanchez@gmail.com', 'sanchezmanuel1234', 'Tecnico'),
('54891198L', 'Manuel', 'Perez', 916584273, 'manuel.perez@gmail.com', 'perezmanuel1234', 'Recursos Humanos'),
('67949644P', 'Manuel', 'Gomez', 916584274, 'manuel.gomez@gmail.com', 'gomezmanuel1234', 'Recursos Humanos'),
('64604119V', 'Manuel', 'Martin', 916584275, 'manuel.martin@gmail.com', 'martinmanuel1234', 'Tecnico'),
('29331692E', 'Manuel', 'Jimenez', 916584276, 'manuel.jimenez@gmail.com', 'jimenezmanuel1234', 'Recursos Humanos'),
('30190249N', 'Manuel', 'Ruiz', 916584277, 'manuel.ruiz@gmail.com', 'ruizmanuel1234', 'Recursos Humanos'),
('98451907Q', 'Manuel', 'Hernandez', 916584278, 'manuel.hernandez@gmail.com', 'hernandezmanuel1234', 'Tecnico'),
('34423305X', 'Manuel', 'Diaz', 916584279, 'manuel.diaz@gmail.com', 'diazmanuel1234', 'Tecnico'),
('94172699G', 'Manuel', 'Moreno', 916584280, 'manuel.moreno@gmail.com', 'morenomanuel1234', 'Tecnico'),
('73657648X', 'Manuel', 'Alvarez', 916584281, 'manuel.alvarez@gmail.com', 'alvarezmanuel1234', 'Recursos Humanos'),
('14609728J', 'Maria', 'Garcia', 916584282, 'maria.garcia@gmail.com', 'garciamaria1234', 'Tecnico'),
('55197048S', 'Maria', 'Rodriguez', 916584283, 'maria.rodriguez@gmail.com', 'rodriguezmaria1234', 'Tecnico'),
('29178375T', 'Maria', 'Gonzalez', 916584284, 'maria.gonzalez@gmail.com', 'gonzalezmaria1234', 'Tecnico'),
('65470411Z', 'Maria', 'Fernandez', 916584285, 'maria.fernandez@gmail.com', 'fernandezmaria1234', 'Tecnico'),
('90939505N', 'Maria', 'Lopez', 916584286, 'maria.lopez@gmail.com', 'lopezmaria1234', 'Tecnico'),
('41525689V', 'Maria', 'Martinez', 916584287, 'maria.martinez@gmail.com', 'martinezmaria1234', 'Recursos Humanos'),
('97821731V', 'Maria', 'Sanchez', 916584288, 'maria.sanchez@gmail.com', 'sanchezmaria1234', 'Recursos Humanos'),
('34755255R', 'Maria', 'Perez', 916584289, 'maria.perez@gmail.com', 'perezmaria1234', 'Tecnico'),
('96073721F', 'Maria', 'Gomez', 916584290, 'maria.gomez@gmail.com', 'gomezmaria1234', 'Tecnico'),
('52095501H', 'Maria', 'Martin', 916584291, 'maria.martin@gmail.com', 'martinmaria1234', 'Tecnico'),
('76150589G', 'Maria', 'Jimenez', 916584292, 'maria.jimenez@gmail.com', 'jimenezmaria1234', 'Tecnico'),
('89112665Q', 'Maria', 'Ruiz', 916584293, 'maria.ruiz@gmail.com', 'ruizmaria1234', 'Tecnico'),
('69235870M', 'Maria', 'Hernandez', 916584294, 'maria.hernandez@gmail.com', 'hernandezmaria1234', 'Tecnico'),
('47232621M', 'Maria', 'Diaz', 916584295, 'maria.diaz@gmail.com', 'diazmaria1234', 'Recursos Humanos'),
('01789952T', 'Maria', 'Moreno', 916584296, 'maria.moreno@gmail.com', 'morenomaria1234', 'Recursos Humanos'),
('99352482A', 'Maria', 'Alvarez', 916584297, 'maria.alvarez@gmail.com', 'alvarezmaria1234', 'Tecnico'),
('84890631T', 'Jose', 'Garcia', 916584298, 'jose.garcia@gmail.com', 'garciajose1234', 'Recursos Humanos'),
('88571987E', 'Jose', 'Rodriguez', 916584299, 'jose.rodriguez@gmail.com', 'rodriguezjose1234', 'Tecnico'),
('92754069Z', 'Jose', 'Gonzalez', 916584300, 'jose.gonzalez@gmail.com', 'gonzalezjose1234', 'Tecnico'),
('18859981G', 'Jose', 'Fernandez', 916584301, 'jose.fernandez@gmail.com', 'fernandezjose1234', 'Recursos Humanos'),
('48762797Z', 'Jose', 'Lopez', 916584302, 'jose.lopez@gmail.com', 'lopezjose1234', 'Tecnico'),
('36584871J', 'Jose', 'Martinez', 916584303, 'jose.martinez@gmail.com', 'martinezjose1234', 'Tecnico'),
('66692500K', 'Jose', 'Sanchez', 916584304, 'jose.sanchez@gmail.com', 'sanchezjose1234', 'Recursos Humanos'),
('97429213V', 'Jose', 'Perez', 916584305, 'jose.perez@gmail.com', 'perezjose1234', 'Tecnico'),
('95984896P', 'Jose', 'Gomez', 916584306, 'jose.gomez@gmail.com', 'gomezjose1234', 'Tecnico'),
('69614823X', 'Jose', 'Martin', 916584307, 'jose.martin@gmail.com', 'martinjose1234', 'Recursos Humanos'),
('00658957F', 'Jose', 'Jimenez', 916584308, 'jose.jimenez@gmail.com', 'jimenezjose1234', 'Recursos Humanos'),
('67751808H', 'Jose', 'Ruiz', 916584309, 'jose.ruiz@gmail.com', 'ruizjose1234', 'Tecnico'),
('04736798V', 'Jose', 'Hernandez', 916584310, 'jose.hernandez@gmail.com', 'hernandezjose1234', 'Tecnico'),
('78414747L', 'Jose', 'Diaz', 916584311, 'jose.diaz@gmail.com', 'diazjose1234', 'Tecnico'),
('29906649W', 'Jose', 'Moreno', 916584312, 'jose.moreno@gmail.com', 'morenojose1234', 'Recursos Humanos'),
('31397981Z', 'Jose', 'Alvarez', 916584313, 'jose.alvarez@gmail.com', 'alvarezjose1234', 'Tecnico'),
('43129384Z', 'Carmen', 'Garcia', 916584314, 'carmen.garcia@gmail.com', 'garciacarmen1234', 'Tecnico'),
('72535310A', 'Carmen', 'Rodriguez', 916584315, 'carmen.rodriguez@gmail.com', 'rodriguezcarmen1234', 'Recursos Humanos'),
('29926877J', 'Carmen', 'Gonzalez', 916584316, 'carmen.gonzalez@gmail.com', 'gonzalezcarmen1234', 'Recursos Humanos'),
('48719030Q', 'Carmen', 'Fernandez', 916584317, 'carmen.fernandez@gmail.com', 'fernandezcarmen1234', 'Tecnico'),
('72144663B', 'Carmen', 'Lopez', 916584318, 'carmen.lopez@gmail.com', 'lopezcarmen1234', 'Recursos Humanos'),
('76506273Q', 'Carmen', 'Martinez', 916584319, 'carmen.martinez@gmail.com', 'martinezcarmen1234', 'Recursos Humanos'),
('99629091Z', 'Carmen', 'Sanchez', 916584320, 'carmen.sanchez@gmail.com', 'sanchezcarmen1234', 'Tecnico'),
('86678371L', 'Carmen', 'Perez', 916584321, 'carmen.perez@gmail.com', 'perezcarmen1234', 'Tecnico'),
('16714169T', 'Carmen', 'Gomez', 916584322, 'carmen.gomez@gmail.com', 'gomezcarmen1234', 'Recursos Humanos'),
('14031482X', 'Carmen', 'Martin', 916584323, 'carmen.martin@gmail.com', 'martincarmen1234', 'Tecnico'),
('55511965Q', 'Carmen', 'Jimenez', 916584324, 'carmen.jimenez@gmail.com', 'jimenezcarmen1234', 'Recursos Humanos'),
('37433151F', 'Carmen', 'Ruiz', 916584325, 'carmen.ruiz@gmail.com', 'ruizcarmen1234', 'Recursos Humanos'),
('97602472V', 'Carmen', 'Hernandez', 916584326, 'carmen.hernandez@gmail.com', 'hernandezcarmen1234', 'Recursos Humanos'),
('16566487R', 'Carmen', 'Diaz', 916584327, 'carmen.diaz@gmail.com', 'diazcarmen1234', 'Tecnico'),
('85788245Q', 'Carmen', 'Moreno', 916584328, 'carmen.moreno@gmail.com', 'morenocarmen1234', 'Recursos Humanos'),
('24279390S', 'Carmen', 'Alvarez', 916584329, 'carmen.alvarez@gmail.com', 'alvarezcarmen1234', 'Tecnico'),
('76117277L', 'Francisco', 'Garcia', 916584330, 'francisco.garcia@gmail.com', 'garciafrancisco1234', 'Tecnico'),
('60626019C', 'Francisco', 'Rodriguez', 916584331, 'francisco.rodriguez@gmail.com', 'rodriguezfrancisco1234', 'Recursos Humanos'),
('66804832K', 'Francisco', 'Gonzalez', 916584332, 'francisco.gonzalez@gmail.com', 'gonzalezfrancisco1234', 'Recursos Humanos'),
('78024326T', 'Francisco', 'Fernandez', 916584333, 'francisco.fernandez@gmail.com', 'fernandezfrancisco1234', 'Tecnico');


-- Aqui se inicializan datos de empresas
INSERT INTO Empresa VALUES ('B86813110', '09 MICRAS SL', 'C/ Veronica, Numero 55, 21a', '28440', 'Guadarrama', 'Madrid', 902543210),
('B86562311', '1 MAS 1 COMUNICACION SL', 'C/ Puenteareas 1 Esc.iz 1º 11', '28002', 'Madrid', 'Madrid', 902543211),
('B86949401', '10 ATMOSFERAS ESTUDIO SL', 'C/ Fuencarral Numero 139, 4c', '28010', 'Madrid', 'Madrid', 902543212),
('B84452978', '10 FOOT WORLD ESPAÑA SL', 'C/ San Juan De La Cruz 2', '28223', 'Pozuelo De Alarcon', 'Madrid', 902543213),
('B87219895', '1LIFEOL SL', 'Paseo Conde De Los Gaitanes, 53 - Casa 2', '28109', 'Alcobendas', 'Madrid', 902543214),
('B86904208', '2013 COMMONS SL', 'C/ Almanzora 26', '28023', 'Madrid', 'Madrid', 902543215);


-- Aqui se inicializan datos de proyectos
INSERT INTO Proyectos VALUES (1, 'Creación Programa gestión' , 'Descripcion del proyecto numero 1', '2021-01-2', '2021-01-18'),
(2, 'Creación base de datos' , 'Descripcion del proyecto numero 2','2021-01-2', '2021-01-8'),
(3, 'Mejora SGBD propietario', 'Descripcion del proyecto numero 3', '2021-01-6', '2021-01-16'),
(4, 'Creación Página Web Pública', 'Descripcion del proyecto numero 4', '2021-01-1', '2021-01-14'),
(5, 'Aplicación Web Gestión Servidores', 'Descripcion del proyecto numero 5', '2021-01-6', '2021-01-13'),
(6, 'Desarrollo librería Java propietaria', 'Descripcion del proyecto numero 6', '2021-01-3', '2021-01-22');


-- Aqui se inicializan datos de empresas en proyectos
INSERT INTO Empresa_tiene_proyectos VALUES (1, 'B84452978'),
(2, 'B86562311'),
(3, 'B86813110'),
(4, 'B86904208'),
(5, 'B86949401'),
(6, 'B87219895');


-- Aqui se inicializan datos de empleados en proyectos
INSERT INTO Empleados_estan_proyectos VALUES (6, '04736798V', 18),
(6, '09192134T', 19),
(5, '11048449P', 23),
(4, '12467442Q', 0),
(6, '14031482X', 23),
(2, '14609728J', 4),
(6, '16566487R', 1),
(3, '24279390S', 0),
(1, '27100634X', 2),
(1, '29178375T', 10),
(6, '29575254Z', 9),
(5, '31397981Z', 18),
(2, '34423305X', 22),
(4, '34755255R', 3),
(2, '36584871J', 15),
(4, '42697238S', 13),
(6, '43129384Z', 21),
(2, '43448118Z', 15),
(5, '48719030Q', 18),
(2, '48762797Z', 3),
(1, '52095501H', 4),
(3, '55197048S', 5),
(6, '56076979N', 20),
(2, '61033398T', 24),
(1, '64604119V', 6),
(2, '65470411Z', 21),
(4, '67751808H', 23),
(3, '69235870M', 5),
(2, '73299779K', 5),
(2, '76117277L', 14),
(5, '76150589G', 9),
(5, '77799542H', 8),
(4, '78024326T', 13),
(2, '78414747L', 8),
(2, '86678371L', 25),
(3, '87695338H', 22),
(1, '88571987E', 0),
(3, '88582816H', 15),
(2, '88696373R', 12),
(5, '88773836T', 6),
(6, '89112665Q', 7),
(3, '90939505N', 16),
(6, '92754069Z', 18),
(2, '93770032K', 21),
(3, '94172699G', 0),
(2, '95984896P', 15),
(1, '96073721F', 24),
(5, '97429213V', 23),
(1, '98451907Q', 11),
(3, '99352482A', 18),
(6, '99629091Z', 5);


-- Aqui se inicializan datos de Calendario
INSERT INTO Calendario
VALUES ('2021-01-20 10:00:00','2021-01-20 12:30:00','Cita Médica','Pendiente','09192134T', ''),
('2021-01-21 08:00:00','2021-01-22 08:00:00','Baja por Enfermedad','Pendiente','14031482X', ''),
('2021-01-19 08:00:00','2021-01-26 08:00:00','Vacaciones','Pendiente','29178375T', ''),
('2021-01-25 14:00:00','2021-01-25 18:00:00','Asistencia Actividad Escolar Hijo/a','Pendiente','43129384Z', ''),
('2021-01-29 08:00:00','2021-02-19 08:00:00','Vacaciones','Pendiente','88582816H', '');




